name,freereturns,items_sold,item_status,shipping_price,item_price
Donner DLP-124 Electric Guitar HH Pickup Solid Body Sunburst With Gig Bag Strap,True,,Brand New,0,9999
Peavey Raptor¬Æ Custom Silverburst Electric Guitar,True,,Brand New,0,19999
Donner Q1 Electric Guitar H-S-S Pickups Solid Body Glossy + Gig Bag Rock & Blues,True,174 sold,Brand New,,9884
"LyxPro Beginner 30‚Äù Electric Guitar & Electric Guitar Accessories, Blue",True,88 sold,Pre-Owned,0,6587
In Stock Rosewood Fingerboard Black Custom Electric Guitar Ships from USA,True,,Brand New,0,21824
ST Electric Guitar Solid Body GSTM-3 Metallic Finish Full-Size ,False,,Brand New,0,7959
Full-Size Black Electric Guitar Starter Package with 20-watt Amp and Accessories,False,121 sold,Brand New,0,11997
In Stock Rosewood Fingerboard 6-String Metallic Gold Standard Electric Guitar,True,,Brand New,0,19360
Donner DLP-124 Electric Guitar HH Pickup Solid Body Sunburst With Gig Bag Strap,False,,,,9999
Donner Q1 Electric Guitar H-S-S Pickups Solid Body Red Glossy + Bag Rock & Blues,False,109 sold,,,9884
Donner DST-200 Electric Guitar Coil Split Tremelo Bridge H-S-S Pickup Solid Body,False,,,,8999
üé∏Donner DST-200 Electric Guitar HSS Pickup Coil Split Tremolo Bridge Solid Body,False,191 sold,,,9399
Donner DST-100 Electric Guitar With Gig Bag Humbucker H-S-S Pickups,False,,,,9999
üé∏Donner DST-200 Electric Guitar Tremolo Bridge Coil Spilt Solid Body HSS Pickup,False,,,,9999
Donner DJC-1000 Jazz Tele Electric Guitar Humbucker HH Pickups Thinline Gig Bag,False,,,,9999
"Blue 39"" Electric Guitar 6String with 25W AMP+Bag+Accessories Pack Beginner Kit",False,,,,13999
Custom Flying V Electric Guitar HH Pickups Mahogany Body&Neck Black Hardware,False,,Brand New,0,31000
"39"" Full-Size Electric Guitar Beginner Kit w/ Gig Bag, Tremolo Bar, Accessories",False,,Open Box,10864,73000
Full-Size Black Electric Guitar Starter Package with 20-Watt Amp and Accessories,False,57 sold,Brand New,0,10899
"Glarry GTL Maple Fingerboard 39"" Electric Guitar Gigbag Right Handed School US",True,42 sold,Brand New,0,5999
Donner DST-200 Electric Guitar Coil Split Tremelo Bridge H-S-S Pickup Solid Body,True,,Brand New,0,8999
"Donner DMT-66 39"" Electric Guitar Purplish Black Solid Body HSS Pickup + Gig Bag",True,,Brand New,0,11999
Donner DJC-1000 Electric Guitar Tele Jazz Design HH Pickup + Gig Bag Strap Cable,True,,Brand New,0,10999
Peavey Raptor¬Æ Plus Ivory Electric Guitar,False,,Brand New,0,19999
Donner DJC-1000 Jazz Tele Electric Guitar Humbucker HH Pickups Thinline Gig Bag,True,,Certified - Refurbished,0,9999
LP Custom  Electric Guitar solid Mahogany Gold hardware USA Warehouse in stock,False,,Brand New,,18990
Glarry GST Electric Guitar w/Bag &Accessories For Beginner Right Handed Colorful,True,,Brand New,0,5399
olympic White Stratocaster electric guitar. Unbranded,False,,Brand New,0,12900
Donner DLP-124 Electric Guitar HH Pickup Solid Body Sunburst With Gig Bag Strap,False,,Brand New,0,9999
Donner DJC-1000 Electric Guitar Tele Jazz Design HH Pickup + Gig Bag Strap Cable,False,,Brand New,0,10999
YOU PICK -NEW TELE-STYLE 4 STRING TENOR ELECTRIC GUITAR W/ GIG BAG,False,,Brand New,0,17500
Full-Size Black Electric Guitar Starter Package with 20-watt Amp and Accessories,False,,Brand New,0,11997
Squier Sonic Stratocaster Limited-Edition Electric Guitar Surf Green,False,,Brand New,0,15999
Full-Size Black Electric Guitar Starter Package with 20-Watt Amp and Accessories,False,,Brand New,0,10899
Squier Sonic Stratocaster Laurel Fingerboard Electric Guitar Ultraviolet,False,,Brand New,0,21999
Jackson JS Series Dinky Arch Top JS22 6 String Electric Guitar,False,,Brand New,0,16999
Jackson Warrior JS32 Electric Guitar Black,False,,Brand New,0,39999
NEW SOLID 6 STRING WESTERN SWING & COUNTRY STEEL ELECTRIC GUITAR with GIG BAG,False,,Brand New,0,12999
Hot sales electric guitar piphone 1959 Les Paul Standard Mahogany body USA,False,,Brand New,0,21900
üî•NEW! US warehouse Smoked gradient standard LP electric guitar chrome hardware,False,,Brand New,4000,15480
ST Red Electric Guitar Maple Fretboard Chrome Hardware FR Bridge Solid Body,False,,Brand New,0,34500
"Glarry GTL Electric Guitar 39"" 5 Colors Right Handed  With Bag & Accessories",True,88+ sold,Brand New,0,6498
Donner DST-200 Electric Guitar Tremolo Bridge SSH Pickup Coul Spilt Solid Body,True,,Brand New,0,9999
Flame maple top 6 string standard LP electric guitar Mahogany body in stock,False,,Brand New,2000,18900
Green Right Handed 7String Electric Guitar Solid Body 5S Pickups Maple Fretboard,False,,Brand New,0,23900
Glarry ST Basswood Electric Guitar 6 Strings Right Handed For Student Black,False,,Brand New,0,5399
Donner Q1 Electric Guitar H-S-S Pickups Solid Body Red Glossy + Bag Rock & Blues,True,109 sold,Brand New,,9884
üé∏ Donner DST-100 Electric Guitar Beginner Bundle H-H-S Solid Body Glossy Blue,True,79 sold,Brand New,,9998
üé∏Donner DMT-66 Electric Guitar SSH Pickup Solid Body Gray + Tremelo Bar Gig Bag,True,,Brand New,0,11999
Donner DMT-66 Electric Guitar With Gig Bag Tremolo Bar HSS Pickup Gradient Blue,True,,Brand New,0,11999
H in stock black Electric Guitar Custom Shop with P90 pickups shipping quickly,False,,Brand New,0,22685
Squier Sonic Stratocaster Limited-Edition Electric Guitar Surf Green,False,54 sold,Brand New,0,15999
üé∏ Donner DST-100 Electric Guitar With Amp Solid Body HSS Pickups Sapphire Blue,True,,Brand New,0,9999
Jackson JS Series Dinky Arch Top JS22 6 String Electric Guitar,True,103 sold,Brand New,0,16999
üé∏Donner DST-200 Electric Guitar HSS Pickup Coil Split Tremolo Bridge Solid Body,True,191 sold,Brand New,,9399
Donner DST-550 Electric Guitar Solid Body Tremolo Bridge 7 Tone-switch Options,True,,Brand New,0,27999
RSW DIY Electric Guitar kit with Basswoo Body Maple Neck and Fingerboard 22 Fret,False,,Brand New,2048,11830
Donner HUSH X Electric Guitar Headless HS Pickups Solid Body With Gig Bag White,True,,Brand New,0,27500
Black Electric Guitar Starter Package with Flamed Veneer Top 20-Watt Amp & More,False,27 sold,Brand New,0,11799
Jackson Warrior JS32 Electric Guitar Black,False,,Brand New,0,39999
"39"" Full Size 170 Style Electric Guitar HSH Pickup School Band with Bag",True,,Brand New,0,6858
New 6 Colors Flame Type Beginner Electric Guitar +Bag Case +Cable +Strap +Picks,False,462+ sold,Brand New,0,6495
New ListingEpiphone Les Paul Special-II  Electric Guitar  Gloss Black - Body,False,,Open Box,0,9499
Glarry Stylish Electric Guitar School Band With Carry Bag & 20W AMP Black,True,,Brand New,0,7648
üé∏Donner DST-80 Electric Guitar Matte Black Wood Grain SSS Pickup With Amplifier,True,,Brand New,0,10999
Full Size Basswood Electric Guitar+Strap+Cord+Gigbag Beginner  Christmas Gift,True,326+ sold,Brand New,0,5699
"Glarry Full Size 39"" GST Electric Guitar with 20W Amp, Carry Bag,Strap White",True,,Brand New,0,8599
"Glarry School Band 39"" Full-Size GST Electric Guitar Beginner Kit, Bag,20W AMP",False,67 sold,Brand New,0,8799
Right Handed 170 Style 6 Colors Electric Guitar +Strap+ Cord+ Gigbag+ Picks,True,,Brand New,0,6199
Jackson Dinky Arch Top JS22-7 DKA HT 7 String Satin Black Electric Guitar,True,239 sold,Brand New,,16999
Squier Sonic Stratocaster Laurel Fingerboard Electric Guitar Ultraviolet,False,,Brand New,0,21999
"39.37"" Beginner Sunset Electric Guitar +Bag Case +Cable +Strap +Picks 7 Color",False,"1,181+ sold",Brand New,0,6489
New Listing22 Frets Milk yellow electric guitar HH pickup shipped from US warehouse,False,,Brand New,,25470
Squier Sonic Stratocaster HSS Limited-Edition Electric Guitar 2-Color Sunburst,False,67 sold,Brand New,0,15999
Donner DST-100 Electric Guitar With Gig Bag Humbucker H-S-S Pickups,True,,Certified - Refurbished,0,9999
New Glarry Student GTL Maple Fingerboard Electric Guitar Bag Strap Right Handed,True,59+ sold,Brand New,0,6998
Glarry Electric Guitar GST 6 Strings Rosewood Fingerboard With Carry Bag Strap,True,99 sold,Brand New,0,5699
"Blue 39"" Electric Guitar 6String with 25W AMP+Bag+Accessories Pack Beginner Kit",True,,Brand New,0,13999
Glarry Rosewood Fingerboard 22 Frets Electric Guitar +Gigbag +Strap +Pick,True,112+ sold,Brand New,0,6488
New ListingNEW BLUE AMERICAN DREAM LP STYLE ELECTRIC GUITAR,False,,Brand New,0,29769
"Donner DMT-66 39"" Electric Guitar Purplish Black Solid Body HSS Pickup & Gig Bag",True,,Certified - Refurbished,0,10999
RSW DIY Electric Guitar kit with Basswoo Body Maple Neck and Fingerboard 21 Fret,False,,Brand New,0,8806
Glarry Black Electric Guitar Set With Gig Bag Strap Cord for Beginner School,True,242 sold,Brand New,0,5849
"Glarry GTL Maple Basswood  Body 39"" Electric Guitar Right Handed Sunset",True,86 sold,Brand New,999,5498
New Burning Fire Electric Guitar with Black Pickguard 20W AMP Red,True,53 sold,Brand New,0,7998
Custom RGHRG1 Rare Alien Electric Guitar HH Pickups Black Solid Mahogany Body,False,,Brand New,6000,32864
New ListingFender Special Edition Custom Telecaster FMT HH Guitar - Black Cherry Burst,False,,Pre-Owned,3293,75000
Custom RD  Electric Guitar Transparent Yellow H-H Pickups Gold Hardware,False,,Brand New,0,28900
"LyxPro Beginner 39‚Äù Electric Guitar & Electric Guitar Accessories, Green",True,,Pre-Owned,0,7823
"30"" Beginner Electric Guitar & Amplifier, Kid's Starter Bundle Kit with Gig Bag",False,96+ sold,Brand New,0,8199
Peavey Raptor¬Æ Plus Black Electric Guitar,True,,Certified - Refurbished,0,14999
RSW DIY Electric Guitar kit with Basswood Body Maple Neck and Fretboard 21 Fret,False,,Brand New,6028,8925
Segawe OFW-Y01-1206A-2 Beginner Electric Guitar With Amp,False,,Open Box,200,180000
"39"" Full-Size Electric Guitar Beginner Kit w/ Gig Bag, Tremolo Bar, Accessories",False,,Brand New,0,10999
"Ibanez TOD10 Tim Henson Signature Guitar, Fishman Fluence Pickups, Classic Silve",True,,Brand New,,149999
Epiphone S-310 1990s - Black Left¬†Handedüî•üî• case not included,False,,Open Box,15510,29551
"LyxPro 39"" Telecaster Style Electric Guitar, Full-Size Paulownia Body, White",True,,Pre-Owned,0,7376
New ListingBlack and white checkerboard pattern electric guitar special relics by hands US,False,,Brand New,2000,19900
New ListingBLUE LIGHTNING ELECTRIC GUITAR w/ HARD SHELL CASE & ACCESSORIES !!!,False,,Brand New,0,26500
"27"" Scale Length Buckethead Electric Guitar Bone Nut 24 Frets Glossy White Solid",True,,Open Box,,23650
Donner HUSH‚Ñ¢ I Headless Acoustic Electric Guitar Silent Pratice Earphones Pink,True,,Certified - Refurbished,0,13999
Glarry School Band Burning Fire 24 Frets Electric Guitar with Bag & Accessories,True,,Brand New,0,6898
New Glarry ST 22 Frets Burning Fire Basswood Electric Guitar Kit W/Bag Black,False,28 sold,Brand New,0,5795
New ListingDonner DST-80 Electric Guitar SSS Pickup Solid Body Blue With Amplifier Bag,True,,Certified - Refurbished,0,99
Glarry Electric Guitar Set Burning Fire Right-Handed Basswood School Band,True,,Brand New,0,7998
"Free Ship! Electric Guitar Kit: 6-String, 24-Fret, Dual Humbuckers, 10W Amp",False,,Brand New,0,16500
YOU PICK -NEW TELE-STYLE 4 STRING TENOR ELECTRIC GUITAR W/ GIG BAG,True,41+ sold,Brand New,0,17500
"Sterling by Musicman 6 String  James Valentine Signature Guitar, JV60, Trans, Tr",True,,Brand New,0,98688
üé∏ Donner DST-100 Electric Guitar With Amp Bag Strap Tuner Solid Body HSS Pickup,True,,Brand New,0,11999
Rogue Rocketeer Electric Guitar Pack Red Burst,False,106 sold,Brand New,0,21999
Pyle 6-String Electric Guitar Red Package W/Amplifier Tuner Picks & Bag,True,,Brand New,0,10199
New ListingSquier Standard Stratocaster Antique Burst Electric Guitar w/ Soft Case & Accs.,True,,Pre-Owned,4495,69500
Unfinished DIY Electric Guitar Kits Binding GD Archtop Flame Maple Top FREE SHIP,False,,Brand New,0,16900
Donner DST-152 Electric Guitar Coil Split HSS Pickup Solid Body With Amplifier,True,,Certified - Refurbished,0,13999
Jackson JS Series Dinky Minion JS1X Electric Guitar Metallic Red,False,,Brand New,0,20999
New Listingüé∏Donner Q1 Electric Guitar Solid Body + Bag Humbucker HSS Pickup Obsidian Black,True,,Open Box,0,99
"Glarry 39"" Full Size Electric Guitar Kit School Band with 20W Amplifier & Bag US",True,160 sold,Brand New,0,7995
New ListingUs warehouse ships LP electric Guitar Flame Maple Top 3H pickup 22 frets,False,,Brand New,1000,26900
"LyxPro Beginner 30"" Telecaster Style Electric Guitar, Paulownia Body, Black",True,,Pre-Owned,0,4929
Glarry GST Stylish H-H Pickup Electric Guitar Kit Right Handed with 20W AMP Bag,True,,Brand New,0,8485
"Pyle Classic Basswood Electric Guitar 6-String w/ 22 Frets, Amp & Accessories",True,,Brand New,0,10199
"Pyle Electric Guitar Kit with Amp, Full Size, Beginner Bundle Accessories, 3 inc",True,,Brand New,0,17299
Donner HUSH-X Headless Electric Guitar H-S Pickup With Gig Bag Headphone | Black,True,,Brand New,0,27500
Donner DLP-124 Electric Guitar With Gig Bag HH Pickup Solid Body Glossy Sunburst,True,,Brand New,0,9999
Glarry Electric Guitar School Band for Beginner With Bag & 20W AMP Black,True,,Brand New,0,8799
Roidtest,False,,Brand New,0,12000
"New ListingLyxPro Beginner 30‚Äù Electric Guitar & Electric Guitar Accessories, Red (Open Box",True,,Open Box,0,8031
James Hetfield 'Eet Fuk' Explorer Electric Guitar - Cream Yellow Mahogany Body,False,,Brand New,0,25839
New Firefly Fftl Model Yellow Color  ELECTRIC GUITARS,False,,Brand New,,19098
Rosewood Fingerboard Metallic Gold P90 Pickups Standard Electric Guitar,True,,Brand New,0,21824
H in stock Black Electric Guitar chrome tremolo hardware P90 pickups ABR bridge,False,,Brand New,0,22968
üé∏Donner DST-200 Electric Guitar Tremolo Bridge Coil Spilt Solid Body HSS Pickup,True,,Brand New,0,9999
Mitchell MD200 Double Cutaway Electric Guitar Electric Pink,False,,Brand New,0,12999
US warehouse LP fluorescent green electric guitar with mahogany body 2H Pickups,False,,Brand New,0,23900
"LyxPro Beginner 30‚Äù Electric Guitar & Electric Guitar Accessories, Pink",True,,Pre-Owned,0,7038
"LyxPro 39"" Telecaster Style Electric Guitar, Full-Size Paulownia Body, Mahogany",True,,Brand New,0,11999
New ListingHot selling 6-string LP electric guitar Chrome plated hardware US warehouse,False,,Brand New,0,22200
22-fret School Band Rosewood Fingerboard Electric Guitar Set Sunset,True,73 sold,Brand New,0,5999
New Stylish Electric Guitar W/ Bag & 20W AMP Red,True,,Brand New,0,7498
"New Listing53DB Electric Guitar (Cherry Sunburst, Maple Fingerboard)",False,,Brand New,,44999
New ListingGrote Jazz Electric Guitar with Semi-Hollow Body Blue 250407-A1,False,,Pre-Owned,0,999
New Listing Telecaster  guitar ,False,,Pre-Owned,3179,24000
üé∏ Donner DJC-1000 Jazz Tele Electric Guitar Solid Body H-H Pickups With Gig Bag,True,82 sold,Brand New,0,12640
Glarry Electric Guitar GST 6 Strings Rosewood Fingerboard Right Handed Student,True,87 sold,Brand New,0,5849
BRAND NEW JAZZMASTER-STYLE BARITONE LONG SCALE ELECTRIC GUITAR WITH GIG BAG,True,34 sold,Brand New,0,22500
New ListingVintage ReIssued Series V6M Electric Guitar - Natural Ash - Open Box,False,,Open Box,0,45999
Grote LPS-023 Matte Finished Electric Guitar with P-90 Pickups,False,,Brand New,0,15900
NEW DOUBLE NECK BASS/GUITAR 4/6 STRING VINTAGE STYLE ELECTRIC GUITAR & HARD CASE,True,127 sold,Brand New,0,39500
New ListingLIMITED TIME OFFER Vintage Red&Yellow Grid LP Electric Guitar Relics by hands US,False,,Brand New,2000,19700
"Kids 30 Inch Electric Guitar Combo, Built-in Amp, Solid Wood Body, Color: Red",True,,Brand New,0,6998
Electric Guitar Vintage 6 Strings Roasted Maple Neck with Strap Free Shipping,False,,Open Box,0,24400
IN STOCK special shape 325 jazz electric guitar 20 frets chrome hardware from US,False,,Brand New,2000,23310
Full Size 39'' Black Electric Guitar & Amp Case Accessories Beginner Starter,True,331 sold,Brand New,0,9358
SE Electric Guitar Mahogany Solid Body with Maple Top 24 Fret PRS Fast Shipping,False,,Brand New,0,25956
US Warehouse Black Ouija Electric Guitar Floyd Rose Mahogany Solid Body 6-String,False,,Brand New,0,23900
New ListingElectric Guitar Epiphone Supernova Oasis Noel Gallagher MCFC Blue Semi Hollow,True,,Pre-Owned,2999,99999
"Glarry 39 Inch Full Size Electric Guitar Kit Solid Body with Amplifier, Bag",True,,Brand New,0,7898
"Glarry 39"" Full Size Electric Guitar for Music Lover Beginner with 20W Amp White",True,,Brand New,0,7984
New ListingEpiphone Les Paul,False,,Pre-Owned,5000,55000
Solid Red Electric Guitar 2-P90 Pickups Maple Neck Basswood Body 22 Frets,False,,Brand New,0,23655
Hot New Electric Guitar Silver Super Cool Cracked Mirror with Beautiful Sound,False,,Brand New,0,29742
Custom LP Gloss Red Flame Maple Top Electric Guitar Mahogany Body 6 Strings,False,,Brand New,0,25110
New ListingLP Electric Guitar Rosewood fingerboard flame maple top fast shipp US Warehouse,False,,Brand New,0,23900
Glarry Basswood Electric Guitar Kit 6 Strings Right Handed With Bag White,False,77 sold,Brand New,0,5998
Custom ST Sunburst Relic Vintage Electric Guitar SSS Pickups Dot Inlay 6 String,False,,Brand New,0,24570
6 string black electric guitar black P90 pickup rosewood fingerboard 22 Frets,False,,Brand New,2000,29970
Customized BC Black Ironbird Electric Guitar Fixed Birdge H Pickup Glossy Finish,False,,Brand New,,23941
Vintage Sunburst Firebird Electric Guitar Solid Body H-H-H Pickups HPL Fretboard,False,,Brand New,0,33400
„ÄêNEW„Äë Jersey Star Series Electric Guitar - Basswood Body/22 Frets w/ Gold Parts,True,,Brand New,2500,20680
Cream EET FUK Electric Guitar James Hetfield Mahogany Body Rosewood Fretboard,False,,Brand New,0,25727
Custom 50th Anniversary Pop Festival Jimi Hendrix Monterey ST Electric Guitar,False,,Brand New,,22846
New ListingDonner DST-100 Electric Guitar Amplifier Beginner Set Solid Body H-S-S Pickup,True,,Certified - Refurbished,0,99
"Main Street MEDCAF Strat Style Double Cutaway Electric Guitar, American Flag",False,,Brand New,0,20999
"New Listing6-String RD-100 Electric Guitar, Semi-Hollow, F-Holes, Brown - Model 30096",False,,Open Box,0,99
New ListingESP STYLE ELECTRIC GUITAR w/ HARD SHELL CASE & ACCESSORIES !!!,False,,Brand New,0,26500
US Warehouse LP Electric Guitar FR Bridge Black Pickguard Flame Maple Top,False,,Brand New,0,23900
US warehouse ST Electric Guitar Yellow Maple Neck White Pickguard 3S Pickup,False,,Brand New,0,19900
New ListingMetallic Black Explorer Electric Guitar Gold Hardware Mahogany Body HH Pickups,False,,Brand New,0,28600
DEAN GUITARS - DOYLE VON FRANKENSTEIN / THE MISFITS  ANNIHILATOR X   / BLACK SA,False,13 sold,Brand New,0,59999
DIY Electric Guitar Kit build on own Flying V HH pickups style 22fret 24.75inch,True,20 sold,Brand New,0,15890
Hot Sale Pink Cat ST Electric Guitar Basswood Body Maple Neck Hardtail Bridgeüî•,True,,Brand New,0,18525
US Warehouse White Iceman Electric Guitar Gold Hardware Maple Neck 2H Pickups,False,,Brand New,0,26800
"39"" Full Size Black Electric Guitar with Amp,Case,Accessories Pack Beginner",True,849 sold,Brand New,0,9358
"New ListingLPYS-006 6-String Electric Guitar, Solid Body, Classic Style Red Color",False,,Brand New,0,20900
US warehouse handed relics Electric guitar alder body rock fast delivery,False,,Brand New,1500,21249
Tele Electric Guitar Double Binding Rosewood Fretboard Mahogany Body 6 Strings,True,,Brand New,0,20800
Dragon Inlay Gold Wrap Electric Guitar Solid Body Dragon 2000 Mahogany Body ,False,,Brand New,0,31500
New ListingIbanez Gio GRGM21M - Blue Burst,True,,Very Good - Refurbished,0,14959
IN STOCK Les Paul Custom Electric Solid body Guitar Alpine White gold hardware,False,,Brand New,2000,18540
"New ListingLPYS-006 6-String Electric Guitar, Solid Body, Classic Style VS Color",False,,Brand New,0,20900
"New ListingLPYS-006 6-String Electric Guitar, Solid Body, Classic Style Blue Color",False,,Brand New,0,20900
New ListingUSA Relic Electric Guitar Road Worn Black by Nate's Relic Guitars,False,,Brand New,8500,93500
New Custom LP Black Electric Guitar  HHH pickup high-quality Mahogany body,False,,Brand New,0,21000
"New ListingLPYS-006 6-String Electric Guitar, Solid Body, Classic Style Purple Color",False,,Brand New,0,20900
New ListingHot Sale Flamed Maple Top Transparent Blue Electric Guitar Black Hardware,False,,Brand New,0,34300
Randy Rhoads Flying V Electric Guitar Black&White Polka Dots Rosewood Fretboard,False,29 sold,Brand New,4000,24310
Custom TL John 5 Signature Ghost Electric Guitar White H-H Pickups Red Knob,False,17 sold,Brand New,0,22900
New ListingRosewood Fingerboard 6 String Electric Guitar Right Handed Sunset Color,True,,Brand New,0,10071
New ListingRed multicolor Vicers 6 strings electric guitar SSH pickup maple fingerboard,False,,Brand New,2000,19800
Hot-selling LP electric guitar mahogany body Rosewood fingerboard gold  hardware,False,,Brand New,0,20610
Glarry GST Electric Guitar Kit Right Handed School Band With 20W AMP Bag,True,,Brand New,0,7439
SG Electric Guitar Mahogany Body Rosewood Fretboard Floyd Rose Tremolo Bridge,False,,Brand New,0,27800
Musi Capricorn Fusion HSS Superstrat Pearl White Guitar #0154 Used,False,,Pre-Owned,0,14900
"New ListingLPYS-006 6-String Electric Guitar, Solid Body, Classic Style TS Color",False,,Brand New,0,20900
Sunburst 660 Electric Guitar Solid binding body 12strings Free Ship,False,7 sold,Brand New,0,32712
New ListingGlarry Flame Shape Electric Guitar 20W AMP Sound HSH Pickup Novice Guitar,True,,Brand New,0,15035
Custom Pink LP Electric Guitar Solid Body HH Pickups Fixed Bridge 6 String,False,,Brand New,0,28889
DIY Electric Guitar Kits Whole Body Zebrawood Unfinished 22 Frets Free Ship,False,,Brand New,0,15500
"Full Size 39"" GST Electric Guitar with Amp,Case,Accessories Pack Beginner",True,,Brand New,0,8499
New ListingPatriot Decree Standard Electric Guitar Black,False,,Brand New,,32999
"New ListingHuge Electric Guitar Accessories LOT- Cables, Straps, Strings, Tools, Tuner",False,,Pre-Owned,1960,3500
NEW SOLID 6 STRING WESTERN SWING & COUNTRY STEEL ELECTRIC GUITAR with GIG BAG,True,166 sold,Brand New,0,12999
New ListingStylish Dark Blue Electric Guitar with Black Pickguard High Quality Design,False,,Brand New,,11844
New ListingFender Standard Telecaster - Olympic White,False,,Pre-Owned,2127,49999
New ListingIbanez Genesis Collection RG550 Electric Guitar - Purple Neon,True,,Very Good - Refurbished,0,92399
New ListingGold UFO Electric Guitar Strings Thru Body H Pickups Black Hardware Solid Body,False,,Brand New,0,31000
"Glarry 39"" Full Size Electric Guitar Kit School Band with 20W Amplifier,Bag",True,,Brand New,0,7898
Standard Telecaster electric guitar sunburst white Gold hardware 6 string USA,False,,Brand New,0,22050
"Dragon 2000 Electric Guitar,Mahogany Body Dragon Inlay Gold Wrap Bridge",False,,Brand New,0,29520
"LyxPro Left Handed 36‚Äù Electric Guitar & Electric Guitar Accessories, Red",True,,Pre-Owned,0,8312
1959 Standard Aged Kirk Hammett Greeny Electric Guitar Relic Black Fretboard,False,,Brand New,0,25110
Custom Yellow ST Electric Guitar Relic Solid Body Scalloped Fretboard Maple Neck,False,,Brand New,,26444
New ListingEpiphone EISSBCHNH1 6 String Electric Guitar - Cherry,False,,Pre-Owned,6545,23550
US warehouse Newly Ouija Board Electric Guitar HH Pickup Black fingerboard,False,,Brand New,0,23900
Standard black SG electric guitar chrome-plated hardware H H pickup 22frets,False,,Brand New,0,19980
Custom LP Red Widow 2015 electric guitar EMG pickup Quilted maple top 6strings,False,,Brand New,0,25739
New ListingFender Stratocaster Olympic Electric Guitar #169778,False,,Pre-Owned,0,344100
Ktaxon 170 Style 39in Electric Guitar Basswood for Beginner School Band,True,,Brand New,0,7498
6 String PRS Electric Guitar Mahogany Body Solid Body HH Pickup Gold Hardware,True,,Brand New,8100,22500
Donner HUSH-X Electric Guitar Compact Humbucker Single Coil Spilt S-H Pickups /,True,,Certified - Refurbished,0,23999
New ListingEVH Bumblebee VH2 tribute guitar body,False,,Brand New,0,75000
New ListingCustom Black Beauty Electric Guitars 6 String Solid Body Gold H-H Pickups,False,,Brand New,0,27700
New ListingSpecial V Shape Black with Red Electric Guitar Rosewood Fingerboard H-H Pickups,False,,Brand New,0,30160
David Gilmour Signature ST Electric Guitar Tremolo Black Solid Body Fast Ship,False,,Brand New,2500,14216
US High Quality Lightning Style White Electric Guitar +Strap+Cord+Gigbag+Picks,False,,Brand New,0,6397
New ListingZenon Zess 60 VTG  Japan 1960's electric guitar Restored Electronics Plays XLNT,True,,Pre-Owned,1651,30000
"New ListingPrince Cloud White Electric Guitar Alder Body, Maple Neck",False,,Brand New,5000,40000
New ListingSquire Affinity Telecaster - Race Red w/Indian Laurel Neck,False,,Open Box,4000,24995
Telecaster electric guitar Maple Fingerboard Rising Sun White USA Warehouse,False,,Brand New,0,21900
New ListingBC Electric Guitar - For Parts,False,,Parts Only,3499,1599
"New ListingHollow Log  Electric  Guitar,  One of the Best Guitars I Made P-90 And Piezo PUs",False,,Pre-Owned,7500,50000
H Standard Blue Top Electric Guitar small pickups ABR bridge bone nut in stock,False,,Brand New,0,24656
Hot Selling ST SRV Relic Aged Electric Guitar Vintage SSS Pickups US Warehouse,False,,Brand New,0,17001
LP Electric Guitar Wine Red Color Mahogany Body Tune-O-Matic Bridge,False,,Brand New,0,26800
H 1959 Tobacco sunburst Electric Guitar Custom shop ABR bridge ship quickly,False,,Brand New,0,26495
CUSTOM DOUBLE NECK 6/6 WESTERN SWING SUNBURST ELECTRIC LAP STEEL GUITAR,True,224 sold,Brand New,0,17499
Man To Wolf James Hetfield Explorer Black Electric Guitar Solid Body Fast Ship,False,27 sold,Brand New,1000,25099
New ListingUS Warehouse IN STOCK New Iceman Green Electric Guitar Black Fretboard 2H Pickup,False,,Brand New,0,24900
Glarry GST Stylish H-H Pickup Electric Guitar Kit with 20W AMP Bag For Student,False,,Brand New,0,7598
New ListingOpen Box Ibanez GRX20Z GIO Electric Guitar - Black Night,False,,Open Box,0,15999
DIY 6 String TL Style Electric Guitar Kit Mahogany Body Maple Neck & Accessories,False,,Brand New,0,7689
Donner HUSH-X Electric Guitar With Gig Bag Headphones Strap Tuner H-S Pickups,True,,Open Box,0,26999
New ListingSquier 40th Anniv Vintage Edition Stratocaster Electric Guitar Satin Seafoam,False,,Pre-Owned,0,37000
New Arrival Handmade Guitar Explorer Model Electric Guitar Checkerboard Finish,False,,Brand New,0,47925
New ListingEpiphone Electric Guitar Floyd Rose Hard Safe Packing!,False,,Pre-Owned,0,46862
LP Electric Guitar Mahogany Body Flame Maple Top Herritage Sunburst,False,,Brand New,0,26800
Custom Dan ArmStrong Crystal Electric Guitar Lucite Acrylic Body Rosewood Guard,False,53 sold,Brand New,3000,29900
Custom Electric Guitar Cherry Sunburst Color Flame Top Mahogany Body Ace Frehley,False,,Brand New,0,26800
H heavy relics Yellow aged Electric Guitar chrome hardware bone nut ship quickly,False,,Brand New,0,26495
Electric guitar Sunburst relic gold hardware SS frets black pickguard,True,,Brand New,0,29500
Telecaster Electric Guitar Maple Fingerboard Gold hardware 6 strings in stock,False,,Brand New,2000,21150
Glarry GST Burning Fire Basswood Electric Guitar Kit School Band W/Bag,False,,Brand New,0,6299
New Listingcyan quality electric st guitar with amplifier stap gigbag tuner cables 60139,False,,Open Box,0,12999
Custom Waylon Jennings Black TL Electric Guitar Solid Body White Applique Inlay,False,,Brand New,0,21820
New ListingIbanez TOD10N Tim Henson Signature Nylon Acoustic-electric Guitar - Black,True,,Very Good - Refurbished,0,61599
New ListingYamaha Revstar Standard RSS02T Electric Guitar - Black,True,,Very Good - Refurbished,0,64239
New ListingThe Last One Electric Guitar Red,False,,Open Box,12687,71136
New Listinghigh quality LP electric guitar Flame maple veneer 22 Frets in stock,False,,Brand New,1000,24120
New ListingIN STOCK New Electric Guitar - High Performance LP green silver powder FREE SHIP,False,,Brand New,0,28900
Electric Guitar Vintage 6 Strings Roasted Maple Neck with Tremolo Free Shipping,False,,Open Box,0,24599
New ListingHeavy Relic ST Brown Electric Guitar S-S-S Pickup with White Pickguard in Stock,False,,Brand New,0,29900
George Lynch Skull Skeleton Electric Guitar RWD Fretboard Mahogany Body H Pickup,False,,Brand New,0,28864
Firebird Electric Guitar Sunburst Body 6 String 2P90 Pickups Black Pickguard,False,,Brand New,1989,26595
Jimi Hendrix ST Olympic White Electric Guitar Maple Fretboard Chrome Hardware,False,,Brand New,2000,21946
Custom Shop ST Electric Guitar Red Paisley S-S-S Pickups Tremolo Bridge,False,,Brand New,0,20800
US Warehouse TL Vintage Relic Electric Guitar 2S Pickups Chrome Part Maple Neck,False,,Brand New,0,22900
New ListingGold UFO Electric Guitar Solid Body H Pickups Black Hardware Strings Thru Body,False,,Brand New,0,30100
New LP Gloss Log Color Electric Guitar Mahogany Body HHH Pickups Gold Parts,False,,Brand New,0,26731
New ListingFender Standard Stratocaster 6-String Electric Guitar in 3 Color Sunburst,True,,Pre-Owned,0,39999
"New ListingHot Sale Custom White Electric Guitar Vibrato System, Single Single Pickup",False,,Brand New,0,33200
Iguana Green LP Electric Guitar Mahogany Solid Body With Flamed Top HH Pickups,False,,Brand New,0,30514
Electric Guitar Kit diy 22 Fret 24.75inch Mahogany body HH pickups Banana Head,True,,Brand New,0,13340
Brand Lp Jimmy Page Honey Burst Electric Guitar Mahogany Body HH Pickups,False,,Brand New,0,23850
"Glarry Full Size 39"" GST Electric Guitar with Amp,Case,Accessories Pack Black",True,,Brand New,0,8990
RARE 10% off 325 JAZZ electric guitar HHH pickup tremolo bridge 21 frets from US,False,,Brand New,0,25484
Cream 6 String Electric Guitar Fingerboard Middle Finger Inlay Black H-H Pickups,False,,Brand New,0,26300
New ListingFactory Rockingbird Electric Guitar Metallic Pink with Black Bevels FR Fast Ship,False,,Brand New,0,27000
Semi Hollow Body Electric Guitar 5 Pcs Laminated Maple Neck 24 Frets,False,,Brand New,0,32000
New ListingLyxPro Beginner 39‚Äù Electric Guitar  Blue,True,,Pre-Owned,0,6500
Explore Electric Guitar Rosewood Fretboard Mahogany Body Cloud Maple Top,False,,Brand New,0,32800
Monoprice Retro DLX Plus Solid Ash Electric Guitar With Gig Bag Wilkinson Bridge,True,,Brand New,0,22126
Hot sales electric guitar piphone 1959 Les Paul Standard Mahogany body USA,False,,Brand New,0,20700
Squier Sonic Telecaster Maple - Butterscotch Blonde,False,,Brand New,0,20999
"Ibanez GRX20 Dual Humbuckers, 6 String String Solid-Body Electric Guitar, Right",False,,Brand New,0,17999
New ListingCyan color electric st guitar with amplifier gigbag strap cable tuner total 139,False,,Brand New,0,10700
New ListingNEW 5069-L310ERS2   Allen-Bradley Guardlogix,False,,Open Box,0,99000
2010 Paul Reed Smith PRS SE Santana Translucent Black Electric Guitar,False,,Pre-Owned,2595,39900
"New ListingFunky  Right-handed Electric  Guitar,  24.5"" Scale P-90 And Piezo PUs",False,,Brand New,7500,20000
New ListingEMH Relict Custom Made 1999 Strat Style electric guitar,False,,Brand New,3213,50000
"39"" Full Size Beginner Blue Electric Guitar with Amp, Case and Accessories Pack",True,68 sold,Brand New,0,9458
New ListingMetallic Black Explorer Electric Guitar Gold Hardware Mahogany Body HH Pickups,False,,Brand New,0,29600
New ListingMitchell MM100 3/4 Size Electric Guitar,False,,Pre-Owned,0,13500
NEW Custom Electric guitar LP silver powder unique style strong expressiveness,False,,Brand New,0,23900
New ListingUS Warehouse Custom LP goldtop Electric Guitar 2H open pickups pickups gold hard,False,,Brand New,0,22900
New ListingAxe Heaven Duane Allman GG-133 Gibson Les Paul Mini Guitar 1959 Cherry sunburst,False,,Pre-Owned,800,3200
US Factory custom electric guitar super Mario shape tremolo system fast ship,False,,Brand New,1998,31320
Rosewood Fingerboard Electric Guitar Black / White,False,,Brand New,0,7156
New ListingUS Warehouse NEW Tele Electric Guitar Maple Fretboard Gold Hardware FR Bridge,False,,Brand New,0,23900
New ListingOpen Box Ibanez GRGR330EXBKF GIO RG Electric Guitar - Black Flat,False,,Open Box,0,32999
US Warehouse TL Electric Guitar Chrome Part Solid Body Red Switch 2H Open Pickup,False,,Brand New,0,22900
DBZ Bird of Prey Electric Guitar Cherry Red Flame Maple Top Mahogany Body,True,,Brand New,0,34689
Ibanez RG421QM Quilted Maple Top Electric Guitar Cerulean Blue Burst,False,,Brand New,0,42999
New ListingEpiphone Special GT Black Electric Guitar Safe Packing!,False,,Pre-Owned,0,39500
PRE-SALE LP Purple Electric Guitar Black Pickguard HH Pickups Gold Hardware,False,,Brand New,0,24900
New ListingFactory LP Smoked Burst Electric Guitar Mahogany Body 6 String HH Pickups,False,,Brand New,0,27900
Aldo Nova designing 1986 explorer headstock Electric Guitar Rick Nielse fastship,False,,Brand New,0,30900
New ListingCherry Sunburst LP Electric Guitar Gold Hardware Black Pickup Black Fingerboard,False,,Brand New,0,27900
Electric Guitar Acrylic Body Maple Neck SSS pickup blue LED Light nice inlay,True,,Brand New,0,38900
Custom Shop 1958 Korina Flying V Electric Guitar Aged Natural White Pickguard,False,,Brand New,2500,30974
LP Slash Electric Guitar Flame Maple Top Amber Color Tune-O-Matic Bridge,False,,Brand New,0,25800
Tele Electric Guitar Yellow Color Maple Neck Mahogany Body 6 Strings In Stock,False,,Brand New,0,19800
New Listing1 Of A Kind Custom Pearl Electric Guitar Ghost Flames Absolutely Beautiful! 1/1,False,,Pre-Owned,5999,89999
New ListingNovice Flame Shaped Electric Guitar HSH Pickup Bag Strap Paddle Rocker Red,True,,Brand New,0,11699
New ListingCustom VS LP Electric Guitar Flame Maple Top Cream Pickguard  Chrome Hardware,False,,Brand New,0,27900
New ListingThe all-new electric guitar LP Black Gold Parts shows unique love,False,,Brand New,0,27900
New ListingEpiphone  SG / Cherry Electric Guitar  Standard  AS IS,False,,Pre-Owned,3179,33000
"New Listing39‚Äô‚Äô  Full Size Electric Guitar Beginner Kit w/ Gig Bag, Tremolo",False,,Brand New,0,68900
Custom LP Solid Body Electric Guitar Mahogany Neck HH Pickups 6 Strings Yellow,False,,Brand New,0,25117
New ListingFull Size Beginner Kit Electric Guitar Guitars Set Starter Package Amplifier 139,False,,Open Box,0,12675
BRAND NEW SOLID 6/6 DOUBLE NECK HAWAIIAN ELECTRIC LAP STEEL GUITAR,True,345 sold,Brand New,0,17499
"Schecter Guitar Research V-1 SLS Elite ""Evil Twin"" Electric Guitar Satin Black",False,,Brand New,0,139900
Tele Electric Guitar Flat White Color Mahogany Body Rosewood Fretboard In Stock,False,,Brand New,0,20800
Custom LP Flame Maple Top Electric Guitar HH Pickups Mahogany Body ABR Bridge,False,,Brand New,0,26550
"Mosrite Venture 2024 Metallic Blue Electric Guitar, Dark Aqua White Pickguard,",False,,Brand New,0,37500
New ListingCustom ST Electric Guitar HSH Pickup Solid Body Maple Neck Anniversary Mercury,False,,Brand New,0,21900
New ListingLP Lemon Burst Electric Guitar Flame Top ABR Bridge HH Pickups Mahogany Body,False,,Brand New,0,25600
"New ListingRockingbird 6-String Electric Guitar - Metallic Purple Finish, Floyd Rose, Maple",False,,Brand New,4500,28700
"DIY 6 String Electric Guitar Kits Flame Shaped with Mahogany Body, Maple Neck",False,,Brand New,0,7095
New ListingCustom Black 6-String Electric Guitar Black Fretboard HH Pickups  Fixed Bridge,False,,Brand New,0,23900
Ibanez Ichika Signature 6st Electric Guitar Vintage White Matte,False,,Brand New,0,99999
New ListingVester Stage series guitar. Vintage 1988/89. In GREAT condition! LOOK!!!!,False,,Pre-Owned,3976,44900
Hot selling standard black SG electric guitar gold hardware Fast delivery,False,,Brand New,2500,18900
ONLY ONE US warehouse FAST SHIP telecaster electric guitar F hole BABY BLUE,False,,Brand New,4000,22050
"New ListingESP LTD TE-200DX Solid Body T-Style Electric Guitar, Burled Blue Burst Finish",False,,Pre-Owned,2995,29995
USA Custom Rare Fly V Gray Electric Guitar Solid Body Special Inlay Free Ship,False,,Brand New,,33117
New ListingOpen Box Ibanez GRX70QATEB GIO Electric Guitar - Transparent Green Burst,False,,Open Box,0,17999
New ListingFender Standard Stratocaster Maple White Pickguard Candy Cola Electric Guitar,False,,Brand New,0,74472
TELE Electric Guitar Mahogany Solid Body Maple Fingerboard Maple Neck,False,,Brand New,0,24518
New ListingCustom Red White Electric Guitar Jimi Hendrix Monterey Solid Body Chrome Tremolo,False,,Brand New,0,24900
ST Electric Guitar Sky Blue Color Maple Fretboard Mahogany Body 22 Frets,False,,Brand New,0,19800
3 Tone Sunburst Jaguar Electric Guitar HH Pickup Rosewood Fretboard Chrome Part,False,,Brand New,10000,16388
Relic Aged jimmy page VOS Iced Tea Electric Guitar one Piece Body neck fast ship,False,,Brand New,0,33900
New ListingNew Electric Guitar LP 3 Pickup Gold Style Unique and Popular,False,,Brand New,0,29900
New ListingGenuine Ibanez Premium Guitar Tool Extremely Rare Foldable Compact Music,False,,Pre-Owned,462,30000
"New ListingDanelectro Fifty Niner 12 String Electric Guitar, Gold",False,,Brand New,0,62900
Custom LP Electric Guitar Sunburst Quilted Maple Top Bone Nut Gold Hardware,False,,Brand New,6990,23900
New ListingSchecter Omen Extreme-6 Electric Guitar - Black Cherry,True,,Very Good - Refurbished,0,48312
"Custom TL Electric Guitar Solid body with maple middle, maple neck Fast shipping",False,,Brand New,0,25415
Custom SG Red Electric Guitar Shop Angus Young HH Pickups 6 Strings Fixed Bridge,False,,Brand New,0,25119
New ListingFactory Cream White Billy Bo G6199 Jupiter Thunderbird Electric Guitar Fast Ship,False,,Brand New,0,30000
New ListingIbanez FRH10N Nylon-String Acoustic-Electric Guitar,False,,Brand New,0,49999
Custom LP Bright Surface Wine Red Electric Guitar Mahogany Body Hot Sale,False,,Brand New,0,25294
"New ListingFender Japan 1954 Stratocaster, Unplayed, As New, Amazing.",False,,Brand New,13288,172140
New ListingEpiphone Les Paul studio Black Electric Guitar Safe Packing!,False,,Pre-Owned,0,43276
New ListingYamaha Revstar Standard RSS02T Electric Guitar - Black,True,,Very Good - Refurbished,0,64239
New ListingElectric st guitar with AMP amplifier sets gigbag strap cables total 60139,False,,Brand New,0,10700
US Warehouse TL Vintage Relic Electric Guitar 2S Pickups Chrome Part Maple Neck,False,,Brand New,0,22900
New ListingEpiphone Epiphone SG Type Electric Guitar Black Safe Packing!,False,,Pre-Owned,0,45000
New ListingJAZZ sunset 12 String Jazz Electric Guitar  Professional Play Instrument instock,False,,Brand New,0,32900
New ListingProfessional Factory Customized Electric Guitar Rose Wood Fingerboard TopQuality,False,,Brand New,0,32900
New ListingCustom White Double-ended Style Electric Guitar Rosewood Fretboard 3 Pickups,False,,Brand New,0,41100
New ListingNew LP Facebook Electric Guitar HHH Pickups Fixed Bridge 22 string,False,,Brand New,0,29500
New ListingCustom Transparent Blue Tree Burl Blue LP Electric Guitar Fixed Bridge 6-string,False,,Brand New,0,28900
New ListingOpen Box Ibanez GRG7221QATBB GIO RG Electric Guitar - Transparent Blue Burst,False,,Open Box,0,24999
Yamaha Pacifica PAC120H BL Black Electric Guitar New,False,,Brand New,0,34026
"New ListingRaven RP450 PRS style guitar, Vintage 2002, clean, beautiful flame top!!",False,,Pre-Owned,3976,44900
"Fender LEAD ""DEUCE & .5"" Custom Build",False,,Pre-Owned,5000,39000
"Electric Guitar Kit, Solid Basswood Guitar Builder Kit, ST Style. # 4T",False,,Open Box,0,10000
New ListingEpiphone Les Paul Modern Guitar w/ HSC! -LL,False,,Pre-Owned,7500,69900
New ListingGibson 2024 USA TV Wheat Les Paul Modern Lite Body & Neck,False,,Pre-Owned,15574,73999
New ListingEpiphone Les Paul Standard Sunburst Electric Guitar Safe Packing!,False,,Pre-Owned,0,43000
"Custom Electric Guitar, Mahogany Body, Decayed Maple Top, Rosewood Fingerboard",False,,Brand New,0,31456
St Electric Guitar Cream White Color Rosewood Fretboard HHH pickups,False,,Brand New,0,24800
New ListingBlack 6-String Electric Guitar Black Fretboard HH Pickups  Fixed Bridge,False,,Brand New,0,23900
New ListingIN STOCK LP Electric Guitar Chrome Hardware 2H Pickups,False,,Brand New,0,27900
DIY Electric Guitar Kit LP Type Flame Maple Top Archtop Binding FREE SHIPPING,False,,Brand New,0,16900
"New ListingDanelectro 56 Baritone Electric Guitar, Black",False,,Brand New,0,54900
New ListingIbanez Iron Label RGRB720 Electric Guitar - Black,True,,Very Good - Refurbished,0,96799
Ephiphone et270,False,,Pre-Owned,12000,50000
New ListingElectric Guitar Store Green LP Maple Neck Peach Heart Wooden,False,,Brand New,0,26900
Semi Hollow DG-335 Metallic Blue Electric Guitar HH Pickup 6-string US Warehouse,False,,Brand New,0,22900
LP Black Red Billy Electric Guitar H Pickups Rosewood Fretboard Chrome Hardware,False,,Brand New,0,29900
New ListingCustom Shop LP Blue Sliver Sunburst Electric Guitar 3H Open Pickup Chrome Part,False,,Brand New,0,30000
New ListingCustom Joe Satriani Js20S Electric Guitar 20th Anniversary Surfer Alien US Stock,False,,Brand New,0,27900
LP Electric Guitar Gold Top ABR Bridge H-H Pickups Bone Nut Chrome Hardware,False,,Brand New,0,26600
"Custom TL Electric Guitar Solid body with maple middle, maple neck Fast shipping",False,,Brand New,0,25415
Custom SG Red Electric Guitar Shop Angus Young HH Pickups 6 Strings Fixed Bridge,False,,Brand New,0,25119
New ListingCustom Joe Satriani Js20S Electric Guitar 20th Anniversary Surfer Alien US Stock,False,,Brand New,0,27900
LP Electric Guitar Gold Top ABR Bridge H-H Pickups Bone Nut Chrome Hardware,False,,Brand New,0,26600
New ListingCustom Shop LP Blue Sliver Sunburst Electric Guitar 3H Open Pickup Chrome Part,False,,Brand New,0,30000
In Stock 6 String Metallic Gold 50s P90 Pickups Standard Electric Guitar,False,,Brand New,2000,19110
Mini LP 1980s - Black Color Electric Guitar Solid Cream Pickguard H-H Pickups,False,,Brand New,13000,22500
New ListingFENDER SQUIER MINI STRATOCASTER ELECTRIC GUITAR W/ CASE *,False,,Pre-Owned,4250,12500
New Listinggibson les paul copy guitar,False,,Pre-Owned,14228,60000
"Glarry Flame Shaped Electric Guitar Starter Kit, w/Guitar Bag 20W  AMP",True,,Brand New,1998,6998
New ListingIbanez AS73G Moonstone Silver Flat,False,,Brand New,0,49999
Parker Fly Electric Guitar Orange Solid Body HH Pickup Maple Neck Black Hardware,False,,Brand New,0,23850
"New ListingLP grey flower custom electric guitar, new point, six strings",False,,Brand New,0,30000
New ListingCustom Shop Left Handed Armada Green Electric Guitar Natural Flame Top Fast Ship,False,,Brand New,0,27900
New ListingVintage Fender Concord 1990 - Natural - MIK - Strat Headstock,False,,Open Box,2601,16000
New Listingv shape electric guitar mahogany body maple neck rosewood fn metallic red,False,,Brand New,0,21500
"DeWalt 20V MAX XR 1/4-in (1/4"") Quiet Hydraulic Impact Driver DCF870B",False,,Brand New,999,17499
Explorer James Hetfield Elk Skull Electric Guitar Mahogany Body&Neck Black Part,False,,Brand New,0,27143
Maple Natural 12 Strings Semi Hollow Electric Guitar Gloss Fingerboard,False,,Brand New,0,33725
New ListingMetallic blue  electric v shape guitar mahogany body maple neck rosewood FN,False,,Brand New,0,21500
New Listingv shape electric guitar mahogany body maple neck rosewood fn metallic black,False,,Brand New,0,21500
New ListingMetallic red  electric v shape guitar mahogany body maple neck rosewood FN,False,,Brand New,0,21500
New ListingHot-selling  LP Green Electric Guitar Flame Maple Top 2H Pickups Mahogany Neck,False,,Brand New,0,24900
New ListingBlack LP Custom Electric Guitar Solid Black Fretboard 3H Pickup Gold Hardware,False,,Brand New,0,28900
New ListingCustomized ST Electric Guitar SSS Pickup Maple Fingerboard Fast Shipping,False,,Brand New,2000,36900
Black  electric guitar SG mahogany body chrome-plated hardware high quality,False,,Brand New,2000,21141
New ListingHot-selling Custom Electric Guitar Black Pickguard Maple Neck Black Fretboard,False,,Brand New,0,24900
New ListingElectric Guitar LP flame maplt top maple neck chrome alloy hardware,False,,Brand New,0,26900
Custom Odin Electric Guitar Cream Yellow Zakk Vortex H-H Pickups Black Hardware,False,,Brand New,0,30900
Tele Style Electric Guitar w/Maple Fretboard DIY Kit by Budreau Guitars,False,,Brand New,1601,12510
New ListingCherry Sunburst LP Electric Guitar Gold Hardware Black Pickup Black Fingerboard,False,,Brand New,0,24900
New ListingFENDER SQUIER MINI Stratocaster Red Electric Guitar with Soft Case Bag,True,,Pre-Owned,3500,12500
New ListingJimmy Page Led Zeppelin Facsimile Gold Autograph by On Les Paul Pick Guard,False,,Brand New,0,3500
New ListingNewly Black Electric Guitar Mahogany Neck 3H Pickup Gold Hardware Fast Shipping,False,,Brand New,0,25900
PRS electric guitar in US warehouse 24 frets HH pickup Rosewood Fingerboard,False,,Brand New,0,21699
New ListingUS warehouse Hot selling 6-string LP electric guitar tune-o-matic Bridge,False,,Brand New,0,19980
"New Big Head Electric Guitar ,Scalloped Fingerboard, Double Tremolo Bridge",False,,Brand New,0,33900
FREE SHIP in stock 2003 LP Custom Black Beauty electric guitar gold hardware,False,,Brand New,0,21204
New Listingv shape electric guitar mahogany body maple neck rosewood fn metallic blue,False,,Brand New,0,21500
Randy Rhoads White V Shape Electric Guitar Black Strips HH Pickups Gold Parts,True,,Brand New,0,29600
Factory Blue Burst Flying V Electric Guitar Flame Inlay HH Pickup Mahogany Body,False,,Brand New,0,28300
Professional Gene Simmons 4-String Electric Bass Guitar with 24 Frets Black,False,,Brand New,0,35910
New ListingFactory Custom Special Irregular Shape Electric Guitar in Gold Color,False,,Brand New,0,60500
New ListingCustom Annihilator Electric Guitar Doyle Von Frankenstein Bat Inlay Metallic Red,False,,Brand New,0,29500
Fast ship DAISY ROCK HEARTBREAKER electric guitar metallic purple in stock,False,,Brand New,2000,20367
"Blue Electric Guitar Kids With Amp & Much More Guitar Combo Accessory Kit 30"" ",True,,Brand New,,6458
New ListingHot-selling 2TS LP white Electric Guitar Black Pickguard Chrome Hardware,False,,Brand New,0,23900
New ListingRed color  electric v shape guitar mahogany body maple neck rosewood fingerboard,False,,Brand New,0,21500
Jackson - JS Series Dinky Minion JS1X - Electric Guitar - Neon Green,False,,Brand New,0,17999
New ListingLes Paul Artisan '79 Walnut,True,,Pre-Owned,0,929500
New ListingSchecter Guitar DIAMOND SERIES C-4 Electric Bass Guitar with Hard Case,False,,Pre-Owned,0,42900
New ListingCustom ST white electric guitar 6 string 22 frets high-quality SSS pickup,False,,Brand New,2000,30099
New Listing2012 PAUL REED SMITH PRS SINGLECUT SE TREMOLO ELECTRIC GUITAR & GIG BAG L@@K,False,,Pre-Owned,4179,10000
ONLY ONE 2009 Stratocaster ‚Äò62 Vintage Reissue electric guitar Candy Apple Red,False,,Brand New,0,20000
New ListingIbanez AS73G Artcore Semi-Hollowbody Electric Guitar Moonstone Silver Flat,False,,Brand New,0,49999
"New ListingOPEN BOX - 30"" Beginner Electric Guitar & Amplifier - Purple, Kid's Starter Kit",False,,Pre-Owned,0,6598
"Nitro finish Honey Burst Electric Guitar w Stainless Steel frets w ball ends, 5A",False,,Brand New,0,34500
Reindeer Blue Purple Flame Maple TopElectric Guitar 9VBattery Box Black Hardware,False,,Brand New,0,38000
DIY 6String TL Style Electric Guitar Kits with Mahogany Body Maple Neck,False,,Brand New,0,6470
DIY TL Single Single Pickup Peach Blossom Core Body TL Electric Guitar,False,,Brand New,0,7450
"HS Anderson Mad Cat Electric Guitar, Rare Prince Edition, Amber Burst Maple Top",False,,Brand New,0,26008
New ListingEpiphone Les Paul Custom Safe Packing!,False,,Pre-Owned,0,49372
New ListingNew Electric Guitar LP Red Gold Parts with Unique Bright Surface,False,,Brand New,0,27900
New Listing2024 Epiphone Les Paul Custom Blackback Antique Ivory With Road Runner Gig Bag,False,,Open Box,7512,68999
Sunset Red Electric Guitar with Rosewood Fingerboard Great Sound Quality,False,,Brand New,0,7022
Cort G250SEOBG G Series 250SE Electric Guitar. Ocean Blue Grey,False,,Brand New,0,34999
New Listing2011 Squier Vintage Modified Jaguar HH Electric Guitar Indonesia 0302700500,True,,Pre-Owned,6998,29999
New ListingPRS Guitars SE John Mayer  Storm Gray  6 String Guitar SKY  2023 & Gig Bag,False,,Pre-Owned,,67500
Dean Dimebag Dean  Electric Guitar  Black hardware USA Warehouse in stock,False,,Brand New,0,32214
New ListingHeavy Relic Aged ST Warmoth Sunburst Electric Guitar S-S-S Pickup Maple Neck,False,,Brand New,0,29700
6-String Electric Jazz guitar Rosewood Fingerboard Hollow Mahogany Body Sunburst,False,,Brand New,0,29900
New ListingEpiphone Les Paul Standard Sunburst Electric Guitar Safe Packing!,False,,Pre-Owned,0,43000
New ListingEpiphone Les Paul Standard Safe Packing!,False,,Pre-Owned,0,47759
New ListingGuitar Shop Black 6String LP Electric Guitar Solid Body Golden Hardware In Stock,False,,Brand New,0,27166
100%Handmade Classic Heavy Relic Electric Guitar TL Limited Edition Fixed Bridge,False,,Brand New,0,28900
USA SG Dark Brown Electric Guitar Black Pickguard Chrome Hardware 2H Pickups,False,,Brand New,0,24900
Custom Shop Dimebag Darrell Rebel Electric Guitar Black Floyd Rose Red and Blue,False,,Brand New,14900,19957
Orange LP electric guitar Mahogany body Chrome hardware rosewood fingerboard,False,,Brand New,2000,21519
LP Electric Guitar Yellow Color Fret Binding Tune-O-Matic Bridge Matte Finish,False,,Brand New,0,26800
New Listingv shape electric guitar mahogany body maple neck rosewood fn black color,False,,Brand New,0,21500
New ListingEpiphone Les Paul Standard Epiphone Les Paul Safe Packing!,False,,Pre-Owned,0,51345
In Stock 6 String Rear Cross Waist Concave Waist Brown Electric Guitar,True,,Brand New,0,26312
6-Strings Black Explorer Electric Guitar Solid Body Black Hardware HPL Fretboard,False,,Brand New,0,27560
New ListingGold UFO Electric Guitar String Thru Body H Pickup Black Part Rosewood Fretboard,False,,Brand New,0,29989
3 Tone Sunburst L5 Electric Guitar Hollow Body Flamed Maple Top&Back HH Pickup,False,,Brand New,3000,29927
Sparkle Cherry Red Burst Ace Frehley Electric Guitar lp Style 3H Pickup Hot Sale,False,,Brand New,0,26045
Squier Sonic Stratocaster Black HT H Black Pickguard,False,,Brand New,0,20999
Model 1-C-LB Lindsey Buckingham Burgundy Wine Red Semi Hollow Electric Guitar,False,,Brand New,0,34900
Newly White 6-String Electric Guitar High Quality Black Hardware Made in China,False,,Brand New,0,26224
Artistic bullet hole LP  electric guitar tune-o-matic bridge US warehouse V,False,,Brand New,2000,23599
New ListingSamick Artist Series Electric Guitar,False,,Parts Only,8596,1367
High quality electric guitar Frets binding tune-o-matic Bridge Ebony Fingerboard,False,,Brand New,2000,24569
New ListingOpen Box Jackson Pro Plus Series Rhoads RR24PS Electric Guitar - Firestorm,False,,Open Box,0,122999
Semi Hollow Body TL Electric Guitar Blue Quilted Maple Top Vibrato Fast Delivery,False,,Brand New,0,24900
New ListingLP American Warehouse Electric Guitar Maple Neck Fingerboard Flame Maple,False,,Brand New,0,28900
New ListingEpiphone Ltd Les Paul Studio model Red Electric Guitar Used From Japan,True,,Pre-Owned,0,61255
In Stock Blue Bound Blue Logo Rosewood Fingerboard Custom Electric Guitar,True,,Brand New,0,26312
Hot Sale Natural Flame Maple Top & Back Semi Hollow ElectricGuitar Mahogany Body,False,10 sold,Brand New,0,36900
New ListingMetallic Black   electric v shape guitar mahogany body maple neck rosewood FN,False,,Brand New,0,21500
Ibanez AF Artcore Expressionist 6 String Electric Guitar (Brown Sunburst),True,,Excellent - Refurbished,0,53499
New ListingTokai Les Paul Custom with hard shell case,False,,Pre-Owned,7500,55000
New ListingNew Electric Guitar LP Purple Matte Bone Nut Matte Fixed Bridge,False,,Brand New,0,27900
FLAMMA Intelligent Guitar E1000 Fiesta Red,False,,Brand New,0,22500
New ListingLP Red Electric Guitar Flame Maple Top Black Fretboard HH Pickups Fixed Bridge,True,,Brand New,0,24900
USA Quilted Maple Venner Light Green TeLe Electric Guitar Solid Body S Pickup,False,,Brand New,0,21900
Face Logo Transparent Gray 6-String Rosewood Fingerboard Custom Electric Guitar,True,,Brand New,0,26312
"New ListingIYV ITF-450 T Solid Top Semi-Hollow P90 Thinline, Printed Quilt Top, Very Nice",False,,Pre-Owned,3499,19999
New ListingSquier by Fender Telecaster Classic Vibe 50s Electric Guitar w/Hard Case,True,,Pre-Owned,0,54000
New ListingHigh performanc Electric Guitar Black Fretboard Fixed Bridge Gold Hardware Solid,False,,Brand New,0,23900
Hotsale LP Lemon-Yellow Electric Guitar Mahogany Solid Body&Neck HH Pickups,False,,Brand New,0,31500
1957 Custom shop Black beauty electric guitar Jazz Solid Mahogany in stock,False,,Brand New,4000,23580
New ListingLP Cream Zakk Wylde Bullseye Custom Electric Guitar 2H Pickups Gold Hardware,False,,Brand New,0,27900
6 String Electric Guitar Kit Explorer Mahogany Neck&Body Unfinished Build on Own,True,,Brand New,3999,18900
HOT 5 Colors Flame Style Electric Guitar HSH Pickup w/ Case & Accessories,False,,Brand New,0,7989
Custom Synyster Gates Electric Guitar White with Gold Pinstripes SYN HH Pickups,False,,Brand New,500,24962
Black Electric Guitar David Gilmour Solid ST Chrome Hardware Tremolo Hot Sale,False,,Brand New,1500,15009
New ListingBC Rich Black Warlock Electric Guitar Bronze Series H.O. Humbucker,False,,Pre-Owned,5000,24500
New ListingEpiphone Les Paul custom model Black W/Gig bag Electric Guitar Used From Japan,True,,Pre-Owned,0,89999
New ListingGibson Les Paul Studio Pro Plus Electric Guitar 2011 Manhattan Midnight,False,,Pre-Owned,6500,99900
New Listing2022 HISTORY / Fujigen HLP-Standard Lemon Drop? Flamed Top MIJ Les Paul Standard,False,,Pre-Owned,0,94510
Custom Miris Electric Guitar Tobacco Burst Semi Hollow Body 2TS Maple Neck,False,,Brand New,0,26370
New ListingIbanez Artcore Series Hollow Body Guitar w/HSC! -LL,False,,Pre-Owned,7000,60000
New ListingWashburn Lyon LI15 Electric Guitar - Red,False,,Pre-Owned,0,14000
"New ListingDanelectro 56 Vintage Baritone Electric Guitar, Vintage White",False,,Brand New,0,59900
New ListingSquier JAGMASTER Electric Guitar Safe Packing!,False,,Pre-Owned,0,65000
Premium LP Bright Surface Wine Red Electric Guitar Mahogany Body HH Pickups,False,,Brand New,0,26195
LP Electric Guitar Black Color Mahogany Body Rosewood Fretboard Fret Binding,False,,Brand New,0,26800
New ListingLP Yellow Electric Guitar Chrome Alloy Parts Peach Heart Wood Body Maple Top,False,,Brand New,0,26900
New ListingEpiphone Electric Guitar Les Paul Standard Safe Packing!,False,,Brand New,0,84897
"New ListingDanelectro 59 Vintage 12 String Electric Guitar, Red Metallic",False,,Brand New,0,59900
New ListingOpen Box Fender Redondo Player A/E Guitar - Lake Placid Blue w/ Walnut FB,False,,Open Box,0,34999
New ListingCustom Mirror Crack Electric Guitar PINK Color Mirror Top Rosewood Fingerboard,False,,Brand New,0,51100
New ListingHot-selling LP Electric Guitar Chrome Hardware 2H Pickups Gold accessories,False,,Brand New,0,24900
New ListingIbanez Premium S1070PBZ Electric Guitar - Cerulean Blue Burst,True,,Very Good - Refurbished,0,123199
New ListingOriginal Gibson ES 335 Trust Rod Cover Gibson Custom Memphis,False,,Pre-Owned,850,6000
2020 Topps Baseball Series 2 Sealed Hobby Box,True,9 sold,Brand New,0,5400
New ListingHigh performance Yellow LP 6-Strings Electric Guitar Chrome Hardware 2H Pickups,False,,Brand New,0,23900
New ListingLP cs Tiger Pattern Double Shake Electric guitar 2H Pickups Hardware components,False,,Brand New,0,27900
Glarry GST Rosewood Fingerboard Electric Guitar Bag Strap Pick Whammy Bar Cord,False,,Brand New,0,5935
New ListingCUSTOM Black SG Electric Guitar Gold Part 2H Pickups Black Pickguard Solid Body,False,,Brand New,0,26226
New ListingOpen Box Ibanez GRG7221MMLB GIO GRG 7-Str Electric Guitar - Metallic Light Blue,False,,Open Box,0,21999
Starshine F Hole Jazz Electric Guitar Hollow Body Deluxe Serise,False,,Brand New,0,35900
Ace Frehley LP 6 Strings Electric Guitar HHH Pickups Blue Soild Body fast ship,False,,Brand New,4000,25200
New ListingCustom Silver Gray LP Electric Guitar HH Pickup Black Pickguard Fixed Bridge,False,,Brand New,0,26900
White 12+6 DOUBLE NECK ELECTRIC GUITAR Gold Hardware w/Hardcase Free Ship,False,,Brand New,0,32850
üî•electric guitar Tremolo bridge Washburn Dimebag Darrell flame maple top US,False,,Brand New,2500,26010
New ListingLP Smoked Burst Electric Guitar Mahogany Body 6 String HH Pickups,False,,Brand New,0,24900
New ListingBlack color electric v shape guitar mahogany body maple neck rosewood fingerboar,False,,Brand New,0,21500
Standard sunburst LP Electric Guitar Flame maple top 6 string delivery fast,False,,Brand New,1000,23679
"New ListingHigh Quality Electric Guitar, Gold Hardware,free delivery",False,,Brand New,0,34200
KV2 King V Electric Guitar Black Rosewood Fretboard Tremolo Bridge Free Shipping,False,,Brand New,0,30900
New ListingUsed ST Blue Electric Guitar Floyd Rose Bridge Basswood Body Solid Us Shipping,False,,Pre-Owned,1989,15000
Blue Dragon Pattern PRS Electric Guitar HH Pickup Flamed Maple Top Mahogany Body,True,,Brand New,5000,28000
Unbranded TL Electric Guitar White Color String Thru Body Black Hardware Guitar ,False,,Brand New,0,21400
Custom Left Handed LP Electric Guitar Brown Flamed Maple Top Black Fretboard,False,,Brand New,0,29900
Standard '56 lp Electric Guitar Ebony Pro P90 Pickups Mahogany Body Chrome Part,False,,Brand New,0,24997
Factory Blue Sunburst LP Electric Guitar Rosewood Fingerboard HH Pickups,False,,Brand New,0,28404
"New ListingDanelectro 59 Mod NOS+ Electric Guitar, Orange Metalflake",False,,Brand New,0,56900
New Listingv shape electric guitar mahogany body maple neck rosewood fn red color,False,,Brand New,0,21500
New ListingElectric Guitar LP Cream Black Pickup Peach Heart Wood Body Maple Neck,False,,Brand New,0,24900
New ListingYamaha PAC611HFM Pacifica Electric Guitar - Translucent Black,True,,Very Good - Refurbished,0,57199
"OPEN BOX - 30"" Beginner Electric Guitar & Amplifier - Teal, Kid's Starter Kit",False,,Pre-Owned,0,6598
6-string electric guitar Matte black Maple Fingerboard Fast Shipping in stock,False,,Brand New,0,24299
New ListingKona Strat Electric Guitar,False,,Parts Only,2500,2499
New ListingPRS S2 Vela Electric Guitar - Scarlet Sunburst - Open Box,False,,Open Box,0,178999
Custom White Electric Guitar Randy Tremolo Bridge Gold Hardware H-H Pickups,False,,Brand New,0,31900
Ironbird 6 String Green Electric Guitar FR Bridge H Pickup Solid Body Fast Ship,True,,Brand New,7700,20000
ST electric guitar 3S pickup Chrome plated hardware Custom shop delivery fast,False,,Brand New,2000,19999
New Washburn Dimebag Darrell Signature Model Red Electric Guitar 2H Open Pickups,False,,Brand New,0,33800
Custom 1959 SRV Number 1 ST Electric Guitar Stevie Ray Vaughan 3-Tone Sunburst,False,,Brand New,2000,24900
New Listingelectric  v guitar mahogany body maple neck  bone nut  rosewood fn  in black,False,,Brand New,0,26000
New Listingelectric v guitar mahogany body maple neck  bone nut  rosewood fn metallic Black,False,,Brand New,0,25999
ES-335 Electric Guitar Semi-Hollow Body Black Pickguard HH Pickups Chrome Part,False,,Brand New,0,26800
New ListingCustom Silver Gray LP Electric Guitar HH Pickup Black Pickguard Fixed Bridge,False,,Brand New,0,26900
Brand LP Smoky Burst 6 Strings Electric Guitar Gold Parts Mahogany Body 22 Fret,False,,Brand New,0,28800
New ListingIbanez RG6HSHFX 3.14Kg SN F2428987 electric guitar,True,,Pre-Owned,0,111300
DIY Electric Guitar Kits Semi-Hollow Body Clouds Maple Veneer Languedoc Guitar,False,11 sold,Brand New,0,26900
6 Strings electric st guitar sets with AMP gig bag solid mahogany roasted maple,False,,Brand New,0,12900
New ListingFactory custom shop The new LP Yellow Old free shipping stock,False,,Brand New,0,29900
New ListingFender 1966 Veneer Rosewood Music Master Neck,False,,Pre-Owned,3201,29999
1956 Gold Top Murphy Lab Ultra electric guitar P90 pickup Shell inlay stock,False,,Brand New,0,23999
New ListingLimited time offer Yellow and black check LP electric Guitar tune-o-matic Bridge,False,,Brand New,0,19980
New ListingHUNTINGTON ELECTRIC GUITAR,False,,Pre-Owned,3588,12500
LP Flame Maple Top Electric Guitar Fixed Bridge Yellow Pickguard HH Pickups,False,,Brand New,0,24435
New ListingPink color electric v shape guitar mahogany body maple neck rosewood fingerboard,False,,Brand New,0,21500
New ListingCustom LP Red Girl Electric Guitar Pickups Part 6-strings,False,,Brand New,0,29900
New ListingEpiphone Les Paul Standard Safe Packing!,False,,Pre-Owned,0,46862
New ListingEpiphone Les Paul Standard PRO Electric Guitar Safe Packing!,False,,Brand New,0,51166
New Listing2TS Custom Shop LP Electric Guitar Flamed Maple Top Black Pickguard Gold Part,False,,Brand New,0,27900
Flamed Maple Top Razorback Unfinished Electric Guitar DIY Kit Mahogany Body,False,,Brand New,2000,20259
Red Special Shape Electric Guitar Sapele Body Black Hardware HH Pickups,False,,Brand New,0,28900
Relic ST Electric Guitar Alder Body Vintage Sunburst Color Rosewood Fretboard,False,,Brand New,0,25800
New ListingMICHAEL KELLY DEUCE 355 STYLE HH MAPLE TRANS BLACK SEMI-HOLLOW ELECTRIC GUITAR,False,,Pre-Owned,,17499
Custom White FJ Relic Electric Guitar HH Pickups Black Parts 6 String Solid Body,False,,Brand New,0,24570
Symbol Prince Cloud Solid Body Electric Guitar Yellow Body Gold Hardware China,True,,Brand New,1500,26410
New ListingPRS SE Custom 24 Lefty Electric Guitar - Black Gold Sunburst - Open Box,False,,Open Box,0,77999
New ListingCharvel Pro-Mod San Dimas Style 1 HSS FR M Electric Guitar - Aqua Flake,True,,Very Good - Refurbished,0,99999
Custom SG Glossy Red Electric Guitars Mahogany Body HH Pickups 6 String No Case,False,,Brand New,0,24300
Loog Mini 3-String Electric Guitar,False,,Open Box,1299,12530
New ListingG&L USA BTO Legacy HSH Jet Black Guitar & Bag #9099 Used,False,,Pre-Owned,0,129900
New Listingelectric  v guitar mahogany body maple neck  bone nut  rosewood fn  in red,False,,Brand New,0,25999
New ListingEVH 5150 Striped Series Electric Guitar,False,,Pre-Owned,9813,149999
Newly Released !!! White Headless 6 Strings Electric Guitar with A Top Quality,False,,Brand New,0,29000
Sterling by Music Man Cutlass HSS Electric Guitar Rose Gold,False,,Brand New,0,49999
Beauty Face Body BC Electric Guitar H pink Pickup Maple Fretboard Free Ship,False,,Brand New,0,26394
Tele Electric Guitar Mahogany Body Maple Fretboard Sky Blue Color In Stock,False,,Brand New,0,19800
New Listingelectric v guitar mahogany body maple neck  bone nut  rosewood fn metallic blue,False,,Brand New,0,25999
46 In Full Size Burning Fire Electric Bass Guitar AMP Beginner Kits for Student,True,,Brand New,0,8899
New ListingCustom LP Black Electric Guitar 2 P90 Gold Hardware Quadrate Fingerboard inlay,False,,Brand New,0,26900
New ListingAuth KILLER KG-EXPLODER Electric Guitar 270-004-005-5524,True,,Pre-Owned,0,118999
Pink Paisley Caster Semi-hollow electric guitar f hole body shipping quickly,False,,Brand New,0,27072
Washburn Dimebag Darrell Signature Model Electric Guitar Flamed Maple from US,False,,Brand New,4000,23908
New ListingEPIPHONE LES PAUL STANDARD PRO Sunburst Electric Guitar Used From Japan,True,,Pre-Owned,0,62499
In Stock 6 String Semi-Hollow CS Color Custom Electric Guitar Chrome Accessories,True,,Brand New,0,26312
TL Electric Guitar 6-String Solid Body Faux Rosewood Color Maple Neck,False,,Brand New,0,22425
New ListingFender Player II Telecaster HH Electric Guitar - Aquatone Blue with Rosewood,True,,Very Good - Refurbished,0,74699
New ListingDiscount Black Explore Electric Guitar Black Fretboard Mahogany body Fast Ship,False,,Brand New,0,28989
USA Black Explorer Electric GUITAR Custom Wolf-man Inlay HH Pickups Free Ship,False,,Brand New,,27552
New ListingCustom Shop Tony Iommi model S G Black Electric Guitar fast shipping,False,,Brand New,0,26900
New ListingFender USA vintage reissue Telecaster,False,,Brand New,0,234000
New ListingPatriot Instinct SB Mod Shop Duncan Electric Guitar Scorched,False,,Brand New,0,87999
New ListingAffordable - 2 color burst - Partscaster - Strat - Light weight Body ! Give it a,False,,Brand New,3311,12969
Red PaiselY Electric Guitar SSS Chrome Bridge Maple Neck Solid Free Ship,False,,Brand New,0,24528
Flying V Electric Guitar Custom Gold Sparkle Mahogany Body&Neck 6-String JA,True,,Brand New,7990,26127
"New ListingLP Blue purple electric guitar black fretboard, solid body 2H Pickups",True,,Brand New,0,24900
Sunset Red Electric Guitar with Rosewood Fingerboard Unique Design,False,,Brand New,0,6463
Artist LP Electric Guitar Set Junior Semi Finished DIY,False,,Brand New,0,24600
Languedoc Electric Guitar Yellow Spalted Top&Back Ebony Fretboard Guitar,False,,Brand New,0,34900
Explore James Hetfield White Electric Guitar Black Hardware Mahogany Body,False,,Brand New,0,27989
Brand New Arrow V Electric Guitar Black Floyd Rose Active Pickup Ships from US,False,,Brand New,0,31500
Beautiful Custom 6-String Electric Guitar High Quality Chrome Plated Hardware,False,,Brand New,0,26312
Hollow Body Electric Guitar Natural Spruce Top Byrdland Left Handed Gold Part,False,,Brand New,0,32574
Custom SG Model G400 Wine Red Electric Guitar Vibrato System 2 Pickups,False,,Brand New,0,28500
New ListingEpiphone SLASH AFD Les Paul special-II Safe Packing!,False,,Pre-Owned,0,41500
Cardinal Red Lzzy Hale Electric Guitar Explorerbird Style Gold Hardware HH,False,,Brand New,2000,25600
"New ListingEpiphone LP, Hot Invader Style Humbuckers,Coil Splitting, Capacitor,Tuners, Nice",False,,Pre-Owned,3499,19999
New ListingHot-selling Light Gren Chibson Electric Guitar Black Fretboard Mahogany Body,False,,Brand New,0,23900
New ListingHot-selling  Bullseye Electric Guitar Black Fretboard Gold Hardware,False,,Brand New,0,24900
New ListingCustomized Store 144 Blue Electric Guitar - Fast Shipping Available,False,,Brand New,0,30000
Custom LP Gloss Smoky Burst Flame Maple Top Electric Guitar HH Pickup ABR Bridge,False,,Brand New,0,25560
"Blue Electric Guitar Starter Package 20-watt Amp, Gig Bag, and More, Full Size",False,,Brand New,0,11799
Brand New Standard 6-String Electric Guitar Golden Hardware Free Shipping,False,,Brand New,0,25432
LP Black Beauty Electric Guitar Black Body Celluloid Fixed Bridge Gold Parts,False,,Brand New,0,26595
Metallic Blue ST Black Electric Guitar Black Fretboard Solid Body Chrome Part,False,,Brand New,0,21900
New ListingNew Custom Black LP Electic Guitar Gold Part 3H Pickups Long Drawing In Stock,False,,Brand New,0,26900
Custom TL Electric Guitar Blue Paisley Fixed Bridge Chrome Hardware Free Shippin,False,,Brand New,0,25455
New ListingFender Standard Stratocaster Maple White Pickguard Olympic White Electric Guitar,False,,Brand New,0,74472
New ListingIbanez S621QM DEB Electric Guitar (Dragon Eye Burst) - Like New,False,,Pre-Owned,3020,60400
'67 Jimi Hendrix Flying V Psychedelic Electric Guitar Mahogany Body Fast Ship,False,,Brand New,4000,28417
New ListingPatriot Instinct SB Mod Shop Duncan Electric Guitar Partial Eclipse,False,,Brand New,0,87999
Jimmy page Electric Guitar Tiger Stripes 6 stings gitaar 22 frets Hot sales,False,,Brand New,2000,19000
"New ListingCustom Shack Strat, Hot  Pickups, Coil Splitting, Capacitor Upgrade, 6lbs",False,,Pre-Owned,3499,14999
New ListingAustin Classic Single Cutaway Style Electric Guitar,False,,Pre-Owned,15510,22500
Custom Adam Jones LP Electric Guitar Antique Silverburst Mahogany Body Fast Ship,False,,Brand New,2000,25900
New Listing2015 Epiphone SG Pro Limited Edition 1966 G-400 electric guitar,False,,Pre-Owned,9500,35000
New ListingIbanez TOD10N Tim Henson Signature Nylon Acoustic-electric Guitar - Black,True,,Very Good - Refurbished,0,61599
Custom ST Electric Guitar Red S-S-S Pickups Rosewood Fretboard Free Shipping,False,,Brand New,0,25900
Factory LP Blue Big Flower Electric Guitar HH Pickups Mahogany Body 6 Strings,False,,Brand New,0,28355
Sunburst 381 Electric Guitar semihollow Body Chrome hardware White Pickguard F/S,False,,Brand New,0,34524
"Electric Guitar with Bigsby, Gold Hardware, Translucent Green Finish, Les Paul",False,,Pre-Owned,8000,40000
New ListingEpiphone SG Special Model Electric Guitar w/ Hard Case,False,,Pre-Owned,,14999
New ListingYamaha Pacifica PAC612VIIFM Electric Guitar - Indigo Blue,True,,Very Good - Refurbished,0,59839
"Modern GTWT-01 Headless Electric Guitar ‚Äì Solid Body, Natural Color",False,,Brand New,0,16915
New ListingLP Custom Shop 2TS Electric Guitar Chrome Part Black Pickguard Mahogany,False,,Brand New,0,27900
Custom Explore James Hetfield Electric Guitar Purple Flamed Maple Top Guitar,False,,Brand New,4900,24900
SG Standard electric Guitar Black mahogany body Chrome hardware H-H pickup,False,,Brand New,0,22499
Custom G2 Paul Languedoc Electric Guitar CS Semi Hollow Body Spalted Maple Top,False,,Brand New,5000,27633
Cream Explorer James Hetfield Electric Guitar HH Pickup Mahogany Body Fast Ship,False,,Brand New,0,25600
New ListingLP Smoked Burst Electric Guitar Mahogany Body 6 String HH Pickups,False,,Brand New,0,27800
New ListingHigh performanceSilver Gray Electric Guitar Mahogany Body 2H Pickups Chrome Part,False,,Brand New,0,23900
New Listingelectric v guitar mahogany body maple neck  bone nut  rosewood fn metallic red,False,,Brand New,0,25999
Gene Simmons Electric Bass Guitar White 4 String HPL Fretboard HPL Body Guitar,False,,Brand New,0,42210
Shop SG Electric Guitar Metallic Red H-H-H Pickup Tremolo Bridge Gold Hardware,False,,Brand New,4600,25900
1959 R9 LP Electric Guitar Tiger Flame Brown Burst Standard Electric Guitars,False,12 sold,Brand New,0,29500
New ListingST style yellow electric guitar equipped with 3S pickups White guard,True,,Brand New,0,21900
Darius Plush MONKEWORLD Limited Edition Built-In Speaker w/ Stim Sounds IN HAND,False,,Brand New,0,9897
New ListingHeavy Relic Aged ST Brown Electric Guitar Warmoth Sunburst SSS Pickup Maple Neck,False,,Brand New,0,29560
New ListingPRS S2 McCarty 594 Thinline Standard Electric Guitar - Space Blue - Open Box,False,,Open Box,0,179999
New ListingWarlock Quilted Maple Red Black 6-Strings Electric Guitar HH Pickups Solid Body,True,,Brand New,0,28900
DIY Electric Guitar Kits 22 Frets Mahogany Body BONE Nut Set Neck TOM Unfinished,False,,Brand New,0,16900
New ListingEpiphone Les Paul Standard Pro Safe Packing!,False,,Pre-Owned,0,83103
New ListingFactory Billy-Bo Billy Gibbons Electric Guitar Black w Custom ‚ÄúFlip-Flop‚Äù Finish,False,,Brand New,0,26500
New ListingJackson X Series King V KVXMG Electric Guitar - Satin Black,True,,Very Good - Refurbished,0,70399
Diy Electric Guitar Kit Dimebag ML Style Mahogany Body Rosewood Fretboard,False,,Brand New,0,20710
"New ListingLP Electric Guitar, Solid Body HH Pickups, Maple Fingerboard Black Color Binding",False,,Brand New,0,40900
New ListingESP E-II Arrow Burl Maple Electric Guitar - Nebula Black Burst - Open Box,False,,Open Box,0,289999
Jimmy Page TL Electric Guitar Dragon Graphic Natural Ash Body Maple Neck Custom,False,,Brand New,1000,26517
New ListingCustomized natural color electric guitar with gold accessories and 2H pickups,False,,Brand New,0,31900
New ListingEpiphone Les Paul Studio Black Safe Packing!,False,,Pre-Owned,0,45069
New ListingEpiphone les paul standard pro Safe Packing!,False,,Pre-Owned,0,51166
New ListingEpiphone Epiphone Les Paul Cherry Sunburst Safe Packing!,False,,Pre-Owned,0,44500
Custom LP Relic Golden Crack Electric Guitar Mahogany Body Fast Delivery,False,,Brand New,0,24570
New ListingEpiphone Les Paul Standard 50s 2022 Safe Packing!,False,,Pre-Owned,0,62000
New ListingLP  Dark grey electric guitar black fretboard mahogany body 2H Pickups,True,,Brand New,0,26900
Black custom Les Paul electric guitar rosewood fingerboard 3H pickup 22 frets,False,,Brand New,4000,18543
New ListingKIESEL,False,,Pre-Owned,12500,150000
"New ListingDanelectro 59 Vintage 12 String Electric Guitar, Vintage White",False,,Brand New,0,59900
New Listing ESP LTD SPARROWHAWK BLK Seymour Duncan Black - Sparrow Hawk + CASE - B-Stock,False,,Open Box,0,119900
New ListingJunior Yellow TV Double Cutaway LP Electric Guitar 2P90 Pickups Chrome Hardware,False,,Brand New,0,28989
New ListingDiscount Black Explore Electric Guitar Black Fretboard Mahogany body Fast Ship,False,,Brand New,0,28989
New ListingLP  Purple Electric Guitar Black Fretboard Gold Part 2H Pickups Solid Body,False,,Brand New,0,24900
Junior Electric Guitar Transparent Red Color Rosewood Fretboard ABR-1 Bridge,False,,Brand New,0,25800
Custom LP Solid Body Electric Guitar Shiny Black Body Chrome Hardware  6 String,False,,Brand New,0,24435
Custom 24 Silver Metallic RARE Electric Guitar Paul Smith Solid Body Gold Part,False,,Brand New,2000,25942
Custom G2 Paul Languedoc Electric Guitar CS Semi Hollow Body Spalted Maple Top,False,,Brand New,5000,27633
Cream Explorer James Hetfield Electric Guitar HH Pickup Mahogany Body Fast Ship,False,,Brand New,0,25600
Custom LP Solid Body Electric Guitar Shiny Black Body Chrome Hardware  6 String,False,,Brand New,0,24435
Custom 24 Silver Metallic RARE Electric Guitar Paul Smith Solid Body Gold Part,False,,Brand New,2000,25942
New ListingDiscount Black Explore Electric Guitar Black Fretboard Mahogany body Fast Ship,False,,Brand New,0,28989
New ListingLP  Purple Electric Guitar Black Fretboard Gold Part 2H Pickups Solid Body,False,,Brand New,0,24900
Red Stripe Y2KV Buckethead Electric Guitar Rosewood Fretboard Kill Switch FR,False,,Brand New,2000,27127
Junior Electric Guitar Transparent Red Color Rosewood Fretboard ABR-1 Bridge,False,,Brand New,0,25800
New ListingAuth GRECO EG-360 Electric Guitar 260-006-739-6085,True,,Pre-Owned,0,50999
Grass Roots G-STREAM-Miku Hatsune Miku Signature Model Electric Guitar New,True,,Brand New,0,57304
New LP Cherry Red Flame Maple Top Electric Guitar Mahogany Body ABR Bridge,False,,Brand New,0,25110
New ListingPro II Jazzmaster Electric Guitar Dark Night Rosewood Fretboard 6 String P90,False,,Brand New,,18689
New Listing1973 Fender Stratocaster,False,,Pre-Owned,13883,278500
Thunderhorse Explo Electric Guitar Solid Silver Burst Brendon Small HH Pickup,False,,Brand New,4500,24012
Cream Zakk Wylde Bullseye LP Custom Electric Guitar Mahogany Body Gold Hardware,False,,Brand New,0,27900
Custom White Rockingbird Electric Guitar Spider Inlay Rosewood Fretboard FR,False,,Brand New,1000,26985
PRS Electric Guitar Gold Hardware Quited Maple Top HSH Pickups HPL Fretboard,True,,Brand New,2999,26883
Custom Shop LP Black Electric Guitar Gold Part Black Pickguard Mahogany Neck ,False,,Brand New,0,27560
New Listingelectric  v guitar mahogany body maple neck  bone nut  rosewood fn  in pink,False,,Brand New,0,26000
"Electric Guitar Kids 30"" 39"" Guitar With Amp + Case + Strap and More New",True,64+ sold,Brand New,0,6458
Parallel Universe TL Electric Guitar Olympic White HH Pickups Free Shipping,False,,Brand New,0,24900
Tele Electric Guitar Transparent Yellow Color Mahogany Body Rosewood Fretboard,False,,Brand New,0,19800
Custom Stevie Ray Vaughan Number Cherry Sunburst Electric Guitar Professional,False,,Brand New,0,41900
Hot selling 170 type Electric guitar (red)+bag+strap+paddle+crank+...,False,,Brand New,0,7500
New ListingEpiphone by Gibson Les Paul 100 Safe Packing!,False,,Pre-Owned,0,39000
New ListingEVH Wolfgang Standard Exotic Ziricote with Freeway 6 Position Switch Guitar,False,,Pre-Owned,4216,50000
Relic ST Electric Guitar Maple Neck Scalloped Fretboard Alder Body Big Headstock,False,,Brand New,0,27800
New ListingEpiphone SG Custom EpiphoneInspiredbyGibson Safe Packing!,False,,Pre-Owned,0,76628
LP Electric Guitar Black ABR Bridge Mahogany Body H-H Pickups Fast Delivery,False,,Brand New,0,26900
Hot Sale David Gilmour Black ST Electric Guitar Maple Neck 6 String Chrome Part,False,,Brand New,2000,14650
New Listingdouble cutaway red/mahogany 1-p90 leslie west pick up new body used jackson neck,False,,Brand New,0,42500
Fender Wall Mounted Guitar Display Case - Tweed,False,,Brand New,0,31999
New ListingLP Electric Guitar 2TS Black Pickguard Solid Body Rosewood fretboard,True,,Brand New,0,24900
New ListingPRS Studio Electric Guitar - Black Gold,False,,Brand New,0,483000
New ListingPRS SE McCarty 594 Electric Guitar - Charcoal,True,,Very Good - Refurbished,0,79112
GTL Maple Fingerboard Right Handed Electric Guitar (Clear Yellow) ,False,,Brand New,0,7109
"Custom Firebird Jazz Electric Guitar Peach Blossom Body 3 Pickups,Light Green",False,,Brand New,0,34300
2003 LP Custom Black Beauty Electric guitar H-H pickup Gold hardware in stock,False,,Brand New,2500,18450
"New ListingUnbranded Rockingbird Electric Guitar - Metallic Purple, Floyd Rose, Black Parts",False,,Brand New,4500,29800
Unfinished Electric Guitar DIY Kit ex Mahogany Body Gold Hardware FREE SHIP,False,,Brand New,0,16900
Custom Blue Armada Solid Electric Guitar 6 String Flame Maple Top HH Pickups,False,,Brand New,0,27539
First Act ME537 Black Right-Handed Beginner 6-String 22-Fret Electric Guitar a-x,False,,Pre-Owned,0,7990
New ListingPRS Custom 24 Electric Guitar - Black Gold Wraparound Burst,False,,Brand New,0,469000
New Listing2011 Epiphone Les Paul Traditional Pro,False,,Pre-Owned,4500,35900
"New ListingDaphne Semi-Hollow Stratocaster  W/Fender Neck, SSS ‚Äò62 Z‚Äôs P/U, Phasing Switch",False,,Brand New,5146,87500
guitar one of a kind star copy inlays,False,,Pre-Owned,0,60000
Stratocaster electric guitar Original cartoon character patterns SSH pickup,False,,Brand New,2000,23299
US Warehouse Flying V Silver Electric Guitar Fixed Bridge Chrome Part 2H Pickups,False,,Brand New,0,23900
New ListingHot-selling White Bullseye LP Custom Electric Guitar 2H Pickups Gold Hardware,False,,Brand New,0,24900
New ListingAria Pro II PE-1500 AB 1980 Made in Japan Sunburst Electric Guitar with Case,True,,Pre-Owned,0,455100
Yellow Flame Maple Top PRS Electric Guitar Santana Retro 2H Pickup Abalone Inlay,False,,Brand New,2500,28670
"New ListingSquier ""Custom Shack "" Hard Tail Strat, Custom Wiring,Capacitor Upgrade, Nice",False,,Pre-Owned,3499,22499
Armada-Style Electric Guitar - Dual Humbuckers/Chrome Hardware + Basswood Body,False,,Brand New,7998,21375
Busuyi VRack 6 String Electric Guitar Sunburst With Black Pickguard,False,,Brand New,0,14800
Customized Firebird Metallic Gold Electric Guitar Mahogany Body Upright Tuners,False,,Brand New,2500,29877
New ListingExplorer Electric Guitar white HH pickup hardware Black fingerboard,True,,Brand New,0,26900
New ListingEpiphone Les Paul Custom Standard Lefty Safe Packing!,False,,Pre-Owned,0,57500
New ListingTV Yellow Double Cutaway LP Junior Electric Guitar 2P90 Pickups Fast Delivery,False,,Brand New,0,28800
New ListingSAMICK LSR-25,False,,Pre-Owned,4000,14999
"New ListingLP electric guitar, solid body HH pickups, tremolo bridge, tobacco color",False,,Brand New,0,39900
New Listing6 Strings Metal Red Electric Guitar with P 90 Pickups Rosewood Fretboard,False,,Brand New,0,32500
PRS SE SANTANA standard in Pearl WHITE made In KOREA P33,True,,Pre-Owned,0,42999
"Black BB-King ""Lucille"" Model Jazz Electric Guitar Gold Hardware Professional",False,,Brand New,0,30510
New Listing1983 Electra Phoenix ‚Ä¢ Duncans ‚Ä¢ Floyd Rose ‚Ä¢ Alvarez Hard Case,False,,Pre-Owned,7500,44999
Custom 6 String SG Electric Guitar Colored Shell Inlay Bind Frets ABR Bridge Red,False,,Brand New,0,33700
Movall MP-104 Falling Star Modulated Delay Effects Pedal - Afford-a-Board !!!!!!,False,7 sold,Brand New,0,3349
New ListingHot-selling The new electric guitar wiring hole red has excellent expressiveness,False,,Brand New,0,30000
Guild M-75 Aristocrat Hollowbody Electric Guitar - Black,False,,Brand New,0,119900
New ListingIbanez Artcore AS53 Semi-hollowbody Electric Guitar - Tobacco Flat,True,,Very Good - Refurbished,0,35199
New ListingYamaha Revstar Standard RSS02T Electric Guitar - Swift Blue,True,,Very Good - Refurbished,0,64239
Custom Les Paul Junior Electric Guitar Heritage Cherry P90 Left Handed Solid,False,,Brand New,2000,24516
Limited Run Crimson Ice Gray Figured LP Electric Guitar 3 Piece Flame,False,,Brand New,0,29300
New ListingEpiphone Les Paul Prophecy Black Aged Gloss Safe Packing!,False,,Pre-Owned,0,87407
New ListingGuild M-75 Aristocrat Hollowbody Electric Guitar - Black,True,,Very Good - Refurbished,0,74712
#3 Pete Townshend Deluxe Gold Top ‚Äô76 Electric Guitar Number 3 Mahogany Body,False,,Brand New,1000,24800
Unfinished Firebird Electric Guitar DIY Mahogany Body Mini Pickup Neck Thru Body,False,,Brand New,0,23900
